-- =====================================================
-- 智慧学工系统 - 完整数据初始化脚本
-- =====================================================

USE student_system;

SET FOREIGN_KEY_CHECKS = 0;

-- =====================================================
-- 1. 用户表
-- =====================================================
TRUNCATE TABLE sys_user;
INSERT INTO sys_user (username, password, real_name, phone, email, role, status) VALUES 
('admin', 'e10adc3949ba59abbe56e057f20f883e', '系统管理员', '13800000000', 'admin@school.edu', 'admin', 1),
('teacher', 'e10adc3949ba59abbe56e057f20f883e', '测试教师', '13800000001', 'teacher@school.edu', 'teacher', 1),
('student', 'e10adc3949ba59abbe56e057f20f883e', '测试学生', '13800000002', 'student@school.edu', 'student', 1);

-- =====================================================
-- 2. 学生表
-- =====================================================
TRUNCATE TABLE student;
INSERT INTO student (student_no, name, gender, birthday, id_card, phone, email, address, native_place, nation, political_status, college, major, class_name, grade, education_level, status, enrollment_date, expected_graduation, dormitory_no, room_no, counselor_id) VALUES 
('2024001', '张三', '男', '2000-01-15', '110101200001150011', '13800138001', 'zhangsan@example.com', '北京市朝阳区', '北京', '汉族', '共青团员', '计算机学院', '软件工程', '软件2401', 2024, '本科', '在读', '2024-09-01', '2028-06-30', 'A1', '101', 'T001'),
('2024002', '李四', '女', '2000-03-20', '110101200003200022', '13800138002', 'lisi@example.com', '北京市海淀区', '北京', '汉族', '共青团员', '计算机学院', '计算机科学', '计科2401', 2024, '本科', '在读', '2024-09-01', '2028-06-30', 'A2', '201', 'T001'),
('2023001', '王五', '男', '1999-05-10', '110101199905100033', '13800138003', 'wangwu@example.com', '上海市浦东新区', '上海', '汉族', '党员', '电子工程学院', '电子信息', '电信2301', 2023, '本科', '在读', '2023-09-01', '2027-06-30', 'A1', '102', 'T002'),
('2023002', '赵六', '女', '1999-08-25', '110101199908250044', '13800138004', 'zhaoliu@example.com', '上海市徐汇区', '上海', '汉族', '共青团员', '电子工程学院', '通信工程', '通信2301', 2023, '本科', '在读', '2023-09-01', '2027-06-30', 'A2', '202', 'T002'),
('2022001', '孙七', '男', '1998-11-30', '110101199811300055', '13800138005', 'sunqi@example.com', '广州市天河区', '广东', '汉族', '党员', '管理学院', '工商管理', '工商2201', 2022, '本科', '在读', '2022-09-01', '2026-06-30', 'A1', '102', 'T002'),
('2022002', '周八', '女', '1998-02-14', '110101199802140066', '13800138006', 'zhouba@example.com', '深圳市南山区', '广东', '汉族', '共青团员', '管理学院', '市场营销', '营销2201', 2022, '本科', '在读', '2022-09-01', '2026-06-30', 'A2', '202', 'T002'),
('2021001', '吴九', '男', '1997-07-07', '110101199707070077', '13800138007', 'wujiu@example.com', '杭州市西湖区', '浙江', '汉族', '党员', '计算机学院', '人工智能', 'AI2101', 2021, '本科', '在读', '2021-09-01', '2025-06-30', 'A1', '101', 'T001'),
('2021002', '郑十', '女', '1997-10-01', '110101199710010088', '13800138008', 'zhengshi@example.com', '南京市鼓楼区', '江苏', '汉族', '共青团员', '计算机学院', '数据科学', '数据2101', 2021, '本科', '在读', '2021-09-01', '2025-06-30', 'A2', '201', 'T001');

-- =====================================================
-- 3. 辅导员表
-- =====================================================
TRUNCATE TABLE counselor;
INSERT INTO counselor (employee_no, name, gender, phone, email, college, office, title, status) VALUES
('T001', '陈老师', '女', '13900139001', 'chen@school.edu', '计算机学院', 'A101', '副教授', 1),
('T002', '刘老师', '男', '13900139002', 'liu@school.edu', '电子工程学院', 'B201', '教授', 1),
('T003', '黄老师', '女', '13900139003', 'huang@school.edu', '管理学院', 'C301', '讲师', 1);

-- =====================================================
-- 4. 宿舍表
-- =====================================================
TRUNCATE TABLE dormitory;
INSERT INTO dormitory (building_no, room_no, floor, capacity, current_count, room_type, status, building_type, remark) VALUES
('A1', '101', 1, 4, 2, '四人间', '正常', '男生宿舍', '无'),
('A1', '102', 1, 4, 3, '四人间', '正常', '男生宿舍', '无'),
('A1', '103', 1, 4, 1, '四人间', '正常', '男生宿舍', '无'),
('A1', '201', 2, 4, 0, '四人间', '正常', '男生宿舍', '无'),
('A2', '201', 2, 4, 4, '四人间', '已满', '女生宿舍', '无'),
('A2', '202', 2, 4, 1, '四人间', '正常', '女生宿舍', '无'),
('A2', '301', 3, 6, 0, '六人间', '正常', '女生宿舍', '无'),
('B1', '101', 1, 2, 0, '两人间', '正常', '研究生宿舍', '无');

-- =====================================================
-- 5. 学生档案记录表
-- =====================================================
TRUNCATE TABLE student_record;
INSERT INTO student_record (student_id, record_type, content, remark, operator) VALUES
(1, '入学登记', '2024年9月1日入学', '正常', 'admin'),
(1, '学籍变更', '转专业申请已提交', '待审批', 'admin'),
(2, '入学登记', '2024年9月1日入学', '正常', 'admin'),
(3, '入学登记', '2023年9月1日入学', '正常', 'admin'),
(3, '奖学金记录', '获得2023-2024学年一等奖学金', '已发放', 'admin');

-- =====================================================
-- 6. 违纪处分表
-- =====================================================
TRUNCATE TABLE disciplinary_action;
INSERT INTO disciplinary_action (student_id, type, reason, level, action_date, result, status, approver, remark) VALUES
(1, '迟到', '一学期累计迟到5次', '警告', '2024-03-15', '警告处分', '生效中', '陈老师', '已教育'),
(3, '使用违规电器', '宿舍内使用电热锅', '严重警告', '2023-11-20', '严重警告处分', '生效中', '刘老师', '已收缴电器');

-- =====================================================
-- 7. 迎新登记表
-- =====================================================
TRUNCATE TABLE welcome_registration;
INSERT INTO welcome_registration (student_id, student_no, name, expected_date, transport_type, arrival_station, arrival_time, luggage_count, accommodation_need, status, remark) VALUES
(1, '2024001', '张三', '2024-08-30', '火车', '北京站', '2024-08-30 14:30:00', 3, '需要接站', '已确认', '无'),
(2, '2024002', '李四', '2024-08-30', '飞机', '北京首都国际机场', '2024-08-30 10:00:00', 2, '不需要', '已确认', '无'),
(3, '2023001', '王五', '2023-08-28', '高铁', '北京南站', '2023-08-28 16:00:00', 4, '需要接站', '已确认', '无');

-- =====================================================
-- 8. 报到流程表
-- =====================================================
TRUNCATE TABLE welcome_process;
INSERT INTO welcome_process (student_id, process_name, process_type, status, complete_time, operator, remark) VALUES
(1, '入学资格审核', '入学手续', '已完成', '2024-08-30 15:00:00', 'admin', '通过'),
(1, '缴费', '财务手续', '已完成', '2024-08-30 15:30:00', 'admin', '已缴费'),
(1, '领取物资', '生活手续', '已完成', '2024-08-30 16:00:00', 'admin', '已领取'),
(1, '入住宿舍', '住宿手续', '已完成', '2024-08-30 17:00:00', 'admin', 'A1-101'),
(2, '入学资格审核', '入学手续', '已完成', '2024-08-30 11:00:00', 'admin', '通过'),
(2, '缴费', '财务手续', '已完成', '2024-08-30 11:30:00', 'admin', '已缴费'),
(2, '领取物资', '生活手续', '待完成', NULL, NULL, '未领取'),
(3, '入学资格审核', '入学手续', '已完成', '2023-08-28 16:30:00', 'admin', '通过'),
(3, '缴费', '财务手续', '已完成', '2023-08-28 17:00:00', 'admin', '已缴费'),
(3, '领取物资', '生活手续', '已完成', '2023-08-28 17:30:00', 'admin', '已领取'),
(3, '入住宿舍', '住宿手续', '已完成', '2023-08-28 18:00:00', 'admin', 'A1-102');

-- =====================================================
-- 9. 学生证表
-- =====================================================
TRUNCATE TABLE student_card;
INSERT INTO student_card (student_id, card_type, card_no, issue_date, expire_date, status, remark) VALUES
(1, '学生证', 'X2024001', '2024-09-01', '2028-07-01', '正常', '无'),
(2, '学生证', 'X2024002', '2024-09-01', '2028-07-01', '正常', '无'),
(3, '学生证', 'X2023001', '2023-09-01', '2027-07-01', '正常', '无'),
(4, '学生证', 'X2023002', '2023-09-01', '2027-07-01', '正常', '无'),
(5, '学生证', 'X2022001', '2022-09-01', '2026-07-01', '正常', '无'),
(6, '学生证', 'X2022002', '2022-09-01', '2026-07-01', '正常', '无'),
(7, '学生证', 'X2021001', '2021-09-01', '2025-07-01', '正常', '无'),
(8, '学生证', 'X2021002', '2021-09-01', '2025-07-01', '正常', '无');

-- =====================================================
-- 10. 奖学金表
-- =====================================================
TRUNCATE TABLE scholarship;
INSERT INTO scholarship (student_id, scholarship_name, scholarship_type, amount, award_date, semester, status, approver, remark) VALUES
(1, '校级一等奖学金', '学业奖学金', 5000.00, '2024-03-01', '2023-2024-1', '已发放', '陈老师', '无'),
(3, '国家励志奖学金', '励志奖学金', 5000.00, '2023-12-01', '2023-2024-1', '已发放', '刘老师', '无'),
(3, '校级一等奖学金', '学业奖学金', 5000.00, '2023-09-01', '2022-2023-2', '已发放', '刘老师', '无'),
(5, '校级二等奖学金', '学业奖学金', 3000.00, '2023-09-01', '2022-2023-2', '已发放', '黄老师', '无'),
(7, '国家奖学金', '国家奖学金', 8000.00, '2023-10-01', '2023-2024-1', '已发放', '陈老师', '无');

-- =====================================================
-- 11. 资助表
-- =====================================================
TRUNCATE TABLE financial_aid;
INSERT INTO financial_aid (student_id, aid_type, aid_name, amount, apply_date, approve_date, status, approver, remark) VALUES
(1, '助学金', '国家助学金', 3000.00, '2023-09-15', '2023-09-20', '已发放', '陈老师', '家庭经济困难'),
(3, '助学贷款', '国家助学贷款', 12000.00, '2023-08-20', '2023-08-25', '已审批', '刘老师', '无'),
(4, '勤工助学', '图书馆助理', 400.00, '2023-09-01', '2023-09-05', '已发放', '刘老师', '每月发放'),
(5, '助学金', '国家助学金', 3000.00, '2022-09-10', '2022-09-15', '已发放', '黄老师', '家庭经济困难'),
(7, '困难补助', '临时困难补助', 2000.00, '2023-11-01', '2023-11-05', '已发放', '陈老师', '生病住院');

-- =====================================================
-- 12. 健康档案表
-- =====================================================
TRUNCATE TABLE health_record;
INSERT INTO health_record (student_id, check_date, height, weight, vision, blood_pressure, health_status, disease_history, allergy_history, remark) VALUES
(1, '2024-09-01', 175.5, 68.5, '5.0/5.0', '120/80', '健康', '无', '无', '正常'),
(2, '2024-09-01', 165.0, 52.0, '5.1/5.0', '110/70', '健康', '无', '无', '正常'),
(3, '2023-09-01', 178.0, 72.0, '4.8/4.9', '125/82', '健康', '无', '花粉过敏', '近视'),
(4, '2023-09-01', 162.0, 50.0, '5.0/5.0', '108/68', '健康', '无', '无', '正常'),
(5, '2022-09-01', 180.0, 75.0, '4.9/5.0', '118/78', '健康', '无', '无', '正常'),
(6, '2022-09-01', 168.0, 55.0, '5.0/5.1', '115/75', '健康', '无', '海鲜过敏', '正常'),
(7, '2021-09-01', 176.0, 70.0, '5.0/5.0', '120/80', '健康', '无', '无', '正常'),
(8, '2021-09-01', 163.0, 49.0, '4.8/4.9', '112/72', '健康', '无', '无', '近视');

-- =====================================================
-- 13. 学情测评表
-- =====================================================
TRUNCATE TABLE student_evaluation;
INSERT INTO student_evaluation (student_id, semester, evaluation_type, moral_score, intellectual_score, physical_score, total_score, level, remark) VALUES
(1, '2023-2024-1', '综合测评', 95.0, 92.0, 88.0, 91.5, '优秀', '无'),
(2, '2023-2024-1', '综合测评', 90.0, 88.0, 90.0, 89.3, '良好', '无'),
(3, '2022-2023-2', '综合测评', 92.0, 96.0, 85.0, 91.0, '优秀', '无'),
(4, '2022-2023-2', '综合测评', 88.0, 85.0, 90.0, 87.7, '良好', '无'),
(5, '2022-2023-2', '综合测评', 90.0, 90.0, 88.0, 89.3, '良好', '无'),
(7, '2022-2023-2', '综合测评', 96.0, 98.0, 90.0, 94.7, '优秀', '无');

-- =====================================================
-- 14. 学生通报表
-- =====================================================
TRUNCATE TABLE student_notification;
INSERT INTO student_notification (title, content, type, sender, receiver_type, receiver_id, is_read, read_time) VALUES
('2024年春季学期选课通知', '请各位同学于2024年2月20日-2月25日完成选课...', '通知', 'admin', '全体', NULL, 0, NULL),
('奖学金申请通知', '2023-2024学年奖学金申请开始，有意向的同学请...', '通知', 'admin', '全体', NULL, 0, NULL),
('考试安排通知', '2024年春季学期期末考试安排如下...', '通知', 'admin', '全体', NULL, 0, NULL),
('校园卡充值提醒', '您的校园卡余额不足，请及时充值...', '提醒', 'admin', '学生', 1, 1, '2024-04-20 10:00:00'),
('宿舍卫生检查通知', '本周四下午将进行宿舍卫生检查...', '通知', 'admin', '全体', NULL, 0, NULL);

-- =====================================================
-- 15. 宿舍卫生检查表
-- =====================================================
TRUNCATE TABLE dormitory_check;
INSERT INTO dormitory_check (dormitory_id, building_no, room_no, check_date, check_type, score, result, checker, remark) VALUES
(1, 'A1', '101', '2024-04-15', '日常检查', 90, '优秀', '宿管张阿姨', '继续保持'),
(2, 'A1', '102', '2024-04-15', '日常检查', 75, '合格', '宿管张阿姨', '物品摆放需注意'),
(5, 'A2', '201', '2024-04-15', '日常检查', 85, '良好', '宿管李阿姨', '无'),
(6, 'A2', '202', '2024-04-15', '日常检查', 95, '优秀', '宿管李阿姨', '非常整洁'),
(1, 'A1', '101', '2024-03-15', '日常检查', 85, '良好', '宿管张阿姨', '无'),
(2, 'A1', '102', '2024-03-15', '日常检查', 80, '良好', '宿管张阿姨', '无');

-- =====================================================
-- 16. 宿舍报修表
-- =====================================================
TRUNCATE TABLE dormitory_repair;
INSERT INTO dormitory_repair (student_id, dormitory_id, building_no, room_no, repair_type, description, report_date, status, complete_date, handler, remark) VALUES
(1, 1, 'A1', '101', '水电', '空调不制冷', '2024-04-10', '已完成', '2024-04-12', '维修王师傅', '已加氟'),
(3, 2, 'A1', '102', '家具', '椅子损坏', '2024-04-15', '处理中', NULL, '维修李师傅', '待维修'),
(2, 5, 'A2', '201', '门窗', '门锁坏了', '2024-04-08', '已完成', '2024-04-10', '维修张师傅', '已更换'),
(4, 6, 'A2', '202', '水电', '灯不亮', '2024-04-18', '待处理', NULL, NULL, '未处理'),
(5, 2, 'A1', '102', '其他', '窗户漏风', '2024-04-05', '已完成', '2024-04-07', '维修王师傅', '已密封');

-- =====================================================
-- 17. 宿舍违纪表
-- =====================================================
TRUNCATE TABLE dormitory_violation;
INSERT INTO dormitory_violation (student_id, dormitory_id, building_no, room_no, violation_type, description, violation_date, punishment, status, handler, remark) VALUES
(3, 2, 'A1', '102', '使用违规电器', '使用电热锅', '2023-11-20', '警告', '已处理', '宿管张阿姨', '已没收'),
(1, 1, 'A1', '101', '晚归', '23:30返回宿舍', '2024-03-10', '批评教育', '已处理', '宿管张阿姨', '已教育'),
(7, 3, 'A1', '103', '使用违规电器', '使用电炉', '2024-02-15', '严重警告', '已处理', '宿管张阿姨', '已没收'),
(2, 5, 'A2', '201', '晚归', '00:15返回宿舍', '2024-04-01', '警告', '已处理', '宿管李阿姨', '已教育');

-- =====================================================
-- 18. 假期留校表
-- =====================================================
TRUNCATE TABLE holiday_stay;
INSERT INTO holiday_stay (student_id, holiday_name, start_date, end_date, reason, contact_phone, status, approver, remark) VALUES
(1, '2024年暑假', '2024-07-15', '2024-08-30', '参加社会实践', '13800138001', '待审批', NULL, '无'),
(3, '2024年寒假', '2024-01-20', '2024-02-20', '复习备考', '13800138003', '已批准', '刘老师', '无'),
(5, '2023年暑假', '2023-07-10', '2023-08-25', '实验室项目', '13800138005', '已批准', '黄老师', '无'),
(7, '2024年寒假', '2024-01-22', '2024-02-18', '参加竞赛培训', '13800138007', '待审批', NULL, '无');

-- =====================================================
-- 19. 离校表
-- =====================================================
TRUNCATE TABLE leave_school;
INSERT INTO leave_school (student_id, student_no, name, leave_type, expected_leave_date, actual_leave_date, destination, contact_phone, reason, status, approver, remark) VALUES
(7, '2021001', '吴九', '毕业离校', '2025-06-30', NULL, '杭州市', '13800138007', '毕业就业', '待审批', NULL, '无'),
(8, '2021002', '郑十', '毕业离校', '2025-06-30', NULL, '南京市', '13800138008', '毕业就业', '待审批', NULL, '无');

-- =====================================================
-- 20. 毕业生表
-- =====================================================
TRUNCATE TABLE graduation;
INSERT INTO graduation (student_id, student_no, name, college, major, graduation_status, thesis_status, employment_status, employment_unit, graduation_date, certificate_no, status, remark) VALUES
(7, '2021001', '吴九', '计算机学院', '人工智能', '在读', '已完成', '已就业', '阿里巴巴', '2025-06-30', 'BY2025001', '在读', '无'),
(8, '2021002', '郑十', '计算机学院', '数据科学', '在读', '进行中', '已就业', '腾讯', '2025-06-30', 'BY2025002', '在读', '无');

SET FOREIGN_KEY_CHECKS = 1;

-- =====================================================
-- 数据插入完成！验证
-- =====================================================
SELECT '数据初始化完成!' AS status;
SELECT COUNT(*) AS user_count FROM sys_user;
SELECT COUNT(*) AS student_count FROM student;
SELECT COUNT(*) AS counselor_count FROM counselor;
SELECT COUNT(*) AS dormitory_count FROM dormitory;
SELECT COUNT(*) AS scholarship_count FROM scholarship;
SELECT COUNT(*) AS financial_aid_count FROM financial_aid;
